trial,cluster_index,cluster_size_houses,cluster_peak_kw,cluster_required_kva,chosen_transformer_kva,building_IDs
13,1,1,10.205203282760689,11.339114758622989,25.0,['467636']
13,2,11,29.275224326770243,32.52802702974471,50.0,"['186366', '202088', '330074', '336050', '448971', '201819', '401027', '104562', '309544', '454230', '521372']"
13,3,5,19.283552434574936,21.42616937174993,25.0,"['381418', '370745', '408279', '212021', '240212']"
13,4,8,21.79826681707313,24.220296463414588,25.0,"['334183', '254810', '144143', '531771', '298162', '370146', '165026', '93799']"
13,5,3,22.733109970147684,25.25901107794187,50.0,"['232939', '321516', '489009']"
13,6,6,22.04734893431067,24.497054371456297,25.0,"['392818', '323278', '299045', '418397', '412019', '170825']"
13,7,5,19.80756116512686,22.0084012945854,25.0,"['3612', '173392', '124544', '372892', '428747']"
13,8,12,33.989840283649585,37.76648920405509,50.0,"['99499', '387140', '193154', '432616', '238210', '199657', '323846', '217704', '214106', '524496', '142507', '545763']"
13,9,7,23.042174660242672,25.602416289158523,50.0,"['31382', '160500', '200098', '95544', '77868', '463762', '520838']"
13,10,2,13.667942359251194,15.186602621390216,25.0,"['160568', '70024']"
13,11,9,26.08490915485679,28.98323239428532,50.0,"['489422', '391969', '454110', '89230', '38407', '104208', '469666', '359302', '34928']"
13,12,5,21.127297527122384,23.47477503013598,25.0,"['176384', '421285', '203389', '173278', '6945']"
13,13,8,33.86734336455886,37.63038151617651,50.0,"['249276', '237735', '376796', '315517', '392995', '95159', '469041', '236160']"
13,14,13,32.66652988812621,36.29614432014024,50.0,"['188246', '126829', '126795', '274702', '541219', '208475', '228588', '40454', '206494', '147115', '279405', '68232', '79849']"
13,15,3,16.304557736315193,18.11617526257244,25.0,"['388148', '537424', '176608']"
13,16,11,28.07777244782274,31.197524942025264,50.0,"['350164', '298681', '102922', '476573', '280063', '303298', '275091', '464315', '210595', '528839', '436427']"
13,17,5,19.385367951014945,21.53929772334994,25.0,"['377381', '39960', '275286', '227517', '400528']"
13,18,9,35.55984779783006,39.51094199758895,50.0,"['339433', '162090', '503022', '44812', '512375', '97305', '101380', '87191', '242598']"
13,19,7,23.744734766929717,26.383038629921906,50.0,"['379880', '203949', '358737', '27832', '411339', '485566', '369055']"
13,20,6,19.80669451615358,22.00743835128176,25.0,"['270459', '423568', '302838', '122651', '361750', '543450']"
13,21,7,21.066005350036267,23.406672611151407,25.0,"['419752', '109561', '337903', '13050', '241331', '35191', '57620']"
13,22,2,9.82031678500694,10.911463094452158,25.0,"['235662', '432671']"
13,23,8,29.96153265181509,33.29059183535011,50.0,"['497858', '493708', '95555', '547304', '18626', '538593', '67168', '188110']"
13,24,5,21.39006686245416,23.7667409582824,25.0,"['362268', '147319', '343990', '327596', '230471']"
13,25,10,27.78373575681152,30.87081750756835,50.0,"['77324', '493311', '365132', '471083', '491740', '414177', '317423', '217854', '69868', '61674']"
13,26,12,34.577741901390375,38.41971322376708,50.0,"['263662', '180949', '129763', '385476', '163934', '305432', '20210', '498854', '506224', '7292', '47630', '234094']"
13,27,13,34.372679469364705,38.19186607707189,50.0,"['307573', '496323', '269586', '374743', '233532', '312335', '470251', '437803', '262350', '539605', '187566', '76849', '371852']"
13,28,7,31.045625923032883,34.49513991448098,50.0,"['524444', '193900', '389848', '389744', '487709', '237962', '465182']"
13,29,10,26.90514753896514,29.89460837662793,50.0,"['302815', '56167', '385325', '155119', '223077', '386874', '238242', '67009', '287709', '199812']"
13,30,4,12.900214226038765,14.333571362265294,25.0,"['331771', '248997', '265588', '259004']"
13,31,5,14.581201981741485,16.201335535268313,25.0,"['293636', '209609', '420064', '32222', '300631']"
13,32,3,9.972814792947617,11.080905325497351,25.0,"['451461', '299354', '81741']"
13,33,8,24.4915090444124,27.212787827124888,50.0,"['5296', '522556', '543373', '222350', '191154', '449181', '450692', '516138']"
13,34,12,30.526105544172875,33.91789504908097,50.0,"['410593', '153002', '483644', '516263', '513516', '397555', '907', '427800', '356235', '475046', '196926', '436627']"
13,35,11,26.129907631576767,29.03323070175196,50.0,"['337614', '346110', '56291', '498546', '411518', '100763', '219611', '547294', '176607', '343064', '264018']"
13,36,11,29.212486888907133,32.45831876545237,50.0,"['289531', '369049', '256260', '152266', '422424', '269943', '27287', '114941', '142225', '216764', '312']"
13,37,8,21.6466898613224,24.05187762369156,25.0,"['216421', '163371', '459665', '69509', '21595', '473498', '422231', '524907']"
13,38,9,30.823950146905297,34.24883349656144,50.0,"['516545', '242999', '136477', '533820', '124966', '43092', '541265', '163213', '241959']"
13,39,5,20.969195638485804,23.299106264984225,25.0,"['249827', '172572', '242516', '483016', '434738']"
13,40,5,13.89777145823986,15.441968286933175,25.0,"['327131', '482358', '452422', '372499', '25615']"
13,41,1,7.33731683290423,8.152574258782478,25.0,['404817']
13,42,10,33.65387621143289,37.39319579048099,50.0,"['233698', '31427', '263375', '346726', '447938', '64839', '250934', '131393', '233753', '364878']"
13,43,6,35.69763878829762,39.66404309810847,50.0,"['4916', '142620', '352165', '526989', '59425', '404444']"
13,44,5,21.896043399355896,24.32893711039544,25.0,"['277767', '275680', '151790', '494604', '75859']"
13,45,6,22.337748795432734,24.819720883814156,25.0,"['451476', '77240', '488440', '522245', '30686', '114077']"
13,46,6,16.086010464400797,17.87334496044533,25.0,"['172155', '502985', '202555', '509992', '153713', '404858']"
13,47,12,26.097837355638298,28.99759706182033,50.0,"['121143', '149516', '42335', '26402', '180871', '302621', '485700', '225070', '226419', '279', '325008', '524546']"
13,48,10,31.04802815577876,34.4978090619764,50.0,"['505847', '510593', '326187', '125925', '97799', '327612', '491749', '284645', '119634', '468180']"
13,49,10,33.51007507168992,37.23341674632213,50.0,"['515502', '383693', '55949', '314471', '425185', '417306', '494663', '530378', '530550', '349166']"
13,50,2,12.486245547407975,13.87360616378664,25.0,"['254623', '432318']"
13,51,9,27.75903181130328,30.84336867922587,50.0,"['272937', '249134', '241027', '446024', '174570', '517144', '193407', '225298', '461107']"
13,52,2,9.356209099128971,10.39578788792108,25.0,"['201834', '383865']"
13,53,13,42.42579009209976,47.139766768999735,50.0,"['452253', '162605', '412017', '379782', '440204', '520487', '184561', '499731', '84873', '89529', '247213', '357027', '75607']"
13,54,5,16.904782277834414,18.783091419816014,25.0,"['40995', '238996', '524510', '341963', '201687']"
13,55,13,33.8365999603549,37.59622217817211,50.0,"['267170', '383204', '292090', '140441', '40436', '456950', '543603', '111557', '213568', '267376', '500428', '451771', '513045']"
13,56,11,29.455514218929,32.728349132143336,50.0,"['257435', '333827', '15089', '230501', '487621', '212890', '407592', '100023', '179644', '277908', '157218']"
13,57,12,36.82019474569668,40.91132749521853,50.0,"['151863', '316619', '535774', '300418', '332159', '451978', '381381', '338070', '53693', '97512', '69737', '538937']"
13,58,13,38.06269145883192,42.29187939870213,50.0,"['91480', '111132', '537920', '486178', '507808', '504397', '330258', '74247', '499943', '173606', '57486', '190006', '401975']"
13,59,3,9.712621128606362,10.791801254007067,25.0,"['155532', '169460', '33973']"
13,60,9,30.08783061825851,33.430922909176125,50.0,"['129766', '114719', '500895', '146446', '183875', '196305', '130380', '436282', '120348']"
13,61,1,8.527202215297203,9.474669128108005,25.0,['284293']
13,62,7,28.67011618542484,31.85568465047205,50.0,"['429888', '224398', '292117', '141350', '519092', '8083', '304116']"
13,63,3,15.769686631725854,17.52187403525095,25.0,"['162004', '424439', '349207']"
13,64,11,22.66950622497036,25.18834024996707,50.0,"['514303', '465186', '311107', '117115', '305045', '219636', '486285', '405479', '159900', '28159', '120305']"
13,65,1,0.6421737841773882,0.7135264268637647,25.0,['318055']
13,66,10,30.23153330293021,33.59059255881134,50.0,"['262502', '345470', '228624', '319626', '371047', '255345', '139404', '368041', '284247', '123278']"
13,67,12,51.41487843798079,57.12764270886754,75.0,"['159311', '213002', '229481', '391979', '343474', '325789', '47959', '414301', '544772', '104860', '487999', '51960']"
13,68,1,4.354528818335528,4.838365353706142,25.0,['20621']
13,69,7,24.69116554475805,27.4346283830645,50.0,"['415007', '473426', '525441', '49559', '160898', '320667', '112300']"
13,70,8,30.57479687987356,33.97199653319284,50.0,"['453474', '454770', '436517', '159349', '59912', '93768', '244264', '202039']"
13,71,13,32.17703120406768,35.752256893408536,50.0,"['183304', '407841', '106564', '486098', '226598', '192800', '139272', '391468', '127663', '682', '122061', '197532', '437412']"
13,72,12,40.15340679478642,44.61489643865158,50.0,"['395429', '67186', '318102', '119842', '510701', '446322', '464312', '188953', '527237', '31965', '461295', '447578']"
13,73,9,36.47429724919712,40.52699694355235,50.0,"['21295', '449778', '125128', '115968', '215583', '392777', '340776', '513336', '361089']"
13,74,1,4.642165077538739,5.157961197265266,25.0,['301874']
13,75,5,20.59928007342081,22.88808897046757,25.0,"['167202', '402638', '215510', '487751', '128310']"
13,76,10,25.59215121236325,28.435723569292502,50.0,"['209412', '88759', '268292', '33761', '2098', '233879', '330646', '69626', '61379', '15007']"
13,77,5,15.847251594632692,17.608057327369657,25.0,"['160880', '391944', '425465', '478833', '91397']"
13,78,12,32.004397534191334,35.56044170465704,50.0,"['329260', '396742', '381122', '523081', '185819', '482395', '173050', '459186', '438056', '373440', '541074', '32833']"
13,79,2,7.187034284011864,7.9855936489020705,25.0,"['240492', '145405']"
13,80,4,16.280471757352757,18.089413063725285,25.0,"['69842', '111501', '279160', '517258']"
13,81,4,15.135604364586763,16.81733818287418,25.0,"['543210', '267735', '66449', '506136']"
13,82,13,32.0304729953229,35.58941443924767,50.0,"['324981', '381087', '200374', '133636', '175316', '620', '409483', '85660', '526365', '439854', '335542', '312422', '361607']"
13,83,5,23.153046022818884,25.725606692020985,50.0,"['96862', '262816', '454310', '136784', '507777']"
13,84,5,21.747213778395707,24.16357086488412,25.0,"['78581', '329123', '544508', '320013', '301504']"
13,85,7,15.676775416843412,17.418639352048235,25.0,"['398312', '117120', '215656', '263068', '329861', '237120', '186924']"
13,86,5,18.911495997333624,21.01277333037069,25.0,"['48221', '79390', '547937', '428666', '50580']"
13,87,10,23.96385765450016,26.626508505000174,50.0,"['420097', '265551', '54697', '289058', '194635', '68863', '330101', '319337', '344492', '184427']"
13,88,6,29.26359044547425,32.515100494971385,50.0,"['534341', '199016', '492245', '201928', '472629', '35932']"
13,89,7,15.78227022919799,17.53585581021999,25.0,"['6545', '239992', '111433', '441278', '63556', '315490', '52377']"
13,90,13,37.64141413023148,41.82379347803498,50.0,"['107460', '346824', '175977', '519534', '283566', '131095', '495378', '452846', '412293', '19670', '261802', '256426', '472992']"
13,91,5,17.335759832078427,19.26195536897603,25.0,"['229548', '341616', '302088', '192312', '295670']"
13,92,11,33.15867773441716,36.84297526046351,50.0,"['103643', '488510', '179886', '282048', '259612', '348481', '396589', '124562', '434494', '384563', '141246']"
13,93,3,17.859760248866138,19.844178054295707,25.0,"['253224', '22158', '492549']"
13,94,1,8.147569754536303,9.052855282818111,25.0,['403104']
13,95,10,44.70989216500205,49.67765796111339,50.0,"['224866', '241676', '273801', '175687', '347246', '431957', '47840', '389346', '546972', '386916']"
13,96,13,31.37619066180464,34.862434068671824,50.0,"['316051', '156716', '192389', '18838', '122601', '531662', '304201', '44738', '10740', '248626', '517304', '515041', '261325']"
13,97,10,32.39301614281688,35.992240158685426,50.0,"['500108', '303622', '545696', '16760', '341670', '175523', '282801', '168910', '411121', '241758']"
13,98,2,11.236192464513165,12.484658293903514,25.0,"['528850', '523530']"
13,99,2,5.553403026429804,6.170447807144226,25.0,"['42766', '131226']"
13,100,4,15.547141789040072,17.2746019878223,25.0,"['49829', '436458', '372134', '527111']"
13,101,13,31.17181058962157,34.635345099579524,50.0,"['72989', '364735', '531460', '373657', '161861', '248221', '60725', '521269', '352319', '367483', '144651', '60197', '174597']"
13,102,2,9.803576738398114,10.89286304266457,25.0,"['284091', '137501']"
13,103,3,12.095116621947689,13.439018468830763,25.0,"['92339', '213027', '504968']"
13,104,4,12.52544496951104,13.917161077234487,25.0,"['239985', '346823', '115209', '106794']"
13,105,3,11.51682983936487,12.7964775992943,25.0,"['35073', '96010', '342684']"
13,106,8,28.22621136966421,31.362457077404677,50.0,"['359627', '203733', '417114', '152328', '294527', '292676', '428936', '378673']"
13,107,5,14.4285999454803,16.031777717200335,25.0,"['291601', '110117', '290676', '450684', '506220']"
13,108,4,19.754459291322934,21.94939921258104,25.0,"['396629', '446349', '188487', '118013']"
